CREATE TABLE House (id, name);
insert into House values (1, "Gryffindor");
insert into House values (2, "Hufflepuff");
insert into House values (3, "Ravenclaw");
insert into House values (4, "Slytherin");

CREATE TABLE Person (id, first_name, last_name, house);
INSERT INTO Person VALUES (1, "Euan", "Abercrombie", 1);
INSERT INTO Person VALUES (2, "Katie", "Bell", 1);
INSERT INTO Person VALUES (3, "Sirius", "Black", 1);
INSERT INTO Person VALUES (4, "Lavender", "Brown", 1);
INSERT INTO Person VALUES (5, "Ritchie", "Coote", 1);
INSERT INTO Person VALUES (6, "Colin", "Creevey", 1);
INSERT INTO Person VALUES (7, "Dennis", "Creevey", 1);
INSERT INTO Person VALUES (8, "Albus", "Dumbledore", 1);
INSERT INTO Person VALUES (9, "Seamus", "Finnigan", 1);
INSERT INTO Person VALUES (10, "Hermione", "Granger", 1);
INSERT INTO Person VALUES (11, "Rubeus", "Hagrid", 1);
INSERT INTO Person VALUES (12, "Angelina", "Johnson", 1);
INSERT INTO Person VALUES (13, "Lee", "Jordan", 1);
INSERT INTO Person VALUES (14, "Andrew", "Kirke", 1);
INSERT INTO Person VALUES (15, "Neville", "Longbottom", 1);
INSERT INTO Person VALUES (16, "Remus", "Lupin", 1);
INSERT INTO Person VALUES (17, "Natalie", "McDonald", 1);
INSERT INTO Person VALUES (18, "Mary", "Macdonald", 1);
INSERT INTO Person VALUES (19, "Minerva", "McGonagall", 1);
INSERT INTO Person VALUES (20, "Cormac", "McLaggen", 1);
INSERT INTO Person VALUES (21, "Parvati", "Patil", 1);
INSERT INTO Person VALUES (22, "Jimmy", "Peakes", 1);
INSERT INTO Person VALUES (23, "Peter", "Pettigrew", 1);
INSERT INTO Person VALUES (24, "Harry", "Potter", 1);
INSERT INTO Person VALUES (25, "James", "Potter", 1);
INSERT INTO Person VALUES (26, "Lily", "Potter", 1);
INSERT INTO Person VALUES (27, "Demelza", "Robins", 1);
INSERT INTO Person VALUES (28, "Jack", "Sloper", 1);
INSERT INTO Person VALUES (29, "Alicia", "Spinnet", 1);
INSERT INTO Person VALUES (30, "Dean", "Thomas", 1);
INSERT INTO Person VALUES (31, "Romilda", "Vane", 1);
INSERT INTO Person VALUES (32, "Arthur", "Weasley", 1);
INSERT INTO Person VALUES (33, "Bill", "Weasley", 1);
INSERT INTO Person VALUES (34, "Charlie", "Weasley", 1);
INSERT INTO Person VALUES (35, "Fred", "Weasley", 1);
INSERT INTO Person VALUES (36, "George", "Weasley", 1);
INSERT INTO Person VALUES (37, "Ginny", "Weasley", 1);
INSERT INTO Person VALUES (38, "Molly", "Weasley", 1);
INSERT INTO Person VALUES (39, "Percy", "Weasley", 1);
INSERT INTO Person VALUES (40, "Ron", "Weasley", 1);
INSERT INTO Person VALUES (41, "Oliver", "Wood", 1);

INSERT INTO Person VALUES (42, "Hannah", "Abbott", 2);
INSERT INTO Person VALUES (43, "Susan", "Bones", 2);
INSERT INTO Person VALUES (44, "Eleanor", "Branstone", 2);
INSERT INTO Person VALUES (45, "Owen", "Cauldwell", 2);
INSERT INTO Person VALUES (46, "Cedric", "Diggory", 2);
INSERT INTO Person VALUES (47, "Justin", "Finch-Fletchley", 2);
INSERT INTO Person VALUES (48, "Ernie", "Macmillan", 2);
INSERT INTO Person VALUES (49, "Laura", "Madley", 2);
INSERT INTO Person VALUES (50, "Eloise", "Midgeon", 2);
INSERT INTO Person VALUES (51, "Zacharias", "Smith", 2);
INSERT INTO Person VALUES (52, "Pomona", "Sprout", 2);
INSERT INTO Person VALUES (53, "Nymphadora", "Tonks", 2);
INSERT INTO Person VALUES (54, "Kevin", "Whitby", 2);
INSERT INTO Person VALUES (55, "Rose", "Zeller", 2);

INSERT INTO Person VALUES (56, "Stewart", "Ackerley", 3);
INSERT INTO Person VALUES (57, "Marcus", "Belby", 3);
INSERT INTO Person VALUES (58, "Terry", "Boot", 3);
INSERT INTO Person VALUES (59, "Mandy", "Brocklehurst", 3);
INSERT INTO Person VALUES (60, "Cho", "Chang", 3);
INSERT INTO Person VALUES (61, "Eddie", "Carmichael", 3);
INSERT INTO Person VALUES (62, "Penelope", "Clearwater", 3);
INSERT INTO Person VALUES (63, "Michael", "Corner", 3);
INSERT INTO Person VALUES (64, "Roger", "Davies", 3);
INSERT INTO Person VALUES (65, "Marietta", "Edgecombe", 3);
INSERT INTO Person VALUES (66, "S", "Fawcett", 3);
INSERT INTO Person VALUES (67, "Filius", "Flitwick", 3);
INSERT INTO Person VALUES (68, "Anthony", "Goldstein", 3);
INSERT INTO Person VALUES (69, "Luna", "Lovegood", 3);
INSERT INTO Person VALUES (70, "Padma", "Patil", 3);
INSERT INTO Person VALUES (71, "Orla", "Quirke", 3);
INSERT INTO Person VALUES (72, "Lisa", "Turpin", 3);

INSERT INTO Person VALUES (73, "Malcolm", "Baddock", 4);
INSERT INTO Person VALUES (74, "Regulus", "Black", 4);
INSERT INTO Person VALUES (75, "Miles", "Bletchley", 4);
INSERT INTO Person VALUES (76, "Millicent", "Bullstrode", 4);
INSERT INTO Person VALUES (77, "Vincent", "Crabbe", 4);
INSERT INTO Person VALUES (78, "Marcus", "Flint", 4);
INSERT INTO Person VALUES (79, "Gregory", "Goyle", 4);
INSERT INTO Person VALUES (80, "Terence", "Higgs", 4);
INSERT INTO Person VALUES (81, "Bellatrix", "Lestrange", 4);
INSERT INTO Person VALUES (82, "Rabastan", "Lestrange", 4);
INSERT INTO Person VALUES (83, "Rodolphus", "Lestrange", 4);
INSERT INTO Person VALUES (84, "Abraxas", "Malfoy", 4);
INSERT INTO Person VALUES (85, "Draco", "Malfoy", 4);
INSERT INTO Person VALUES (86, "Lucius", "Malfoy", 4);
INSERT INTO Person VALUES (87, "Narcissa", "Malfoy", 4);
INSERT INTO Person VALUES (88, "Theodore", "Nott", 4);
INSERT INTO Person VALUES (89, "Pansy", "Parkinson", 4);
INSERT INTO Person VALUES (90, "Graham", "Pritchard", 4);
INSERT INTO Person VALUES (91, "Adrian", "Pucey", 4);
INSERT INTO Person VALUES (92, "Tom", "Riddle", 4);
INSERT INTO Person VALUES (93, "Horace", "Slughorn", 4);
INSERT INTO Person VALUES (94, "Severus", "Snape", 4);
INSERT INTO Person VALUES (95, "Blaise", "Zabini", 4);

INSERT INTO Person VALUES (96, "Godric", "Gryffindor", 1);
INSERT INTO Person VALUES (97, "Helga", "Hufflepuff", 2);
INSERT INTO Person VALUES (98, "Rowena", "Ravenclaw", 3);
INSERT INTO Person VALUES (99, "Salazar", "Slytherin", 4);

CREATE TABLE Course (id, name, professor);
INSERT INTO Course VALUES (1, "Potions", 94);
INSERT INTO Course VALUES (2, "Transfiguration", 19);
INSERT INTO Course VALUES (3, "Charms", 67);
INSERT INTO Course VALUES (4, "Care of Magical Creatures", 11);
INSERT INTO Course VALUES (5, "Defense Against the Dark Arts", 16);

CREATE TABLE Enrollment (course, person);
INSERT INTO Enrollment VALUES (1, 73);
INSERT INTO Enrollment VALUES (1, 75);
INSERT INTO Enrollment VALUES (1, 76);
INSERT INTO Enrollment VALUES (1, 77);
INSERT INTO Enrollment VALUES (1, 79);
INSERT INTO Enrollment VALUES (1, 54);
INSERT INTO Enrollment VALUES (1, 24);
INSERT INTO Enrollment VALUES (1, 10);
INSERT INTO Enrollment VALUES (1, 40);
INSERT INTO Enrollment VALUES (1, 19);
INSERT INTO Enrollment VALUES (1, 42);
INSERT INTO Enrollment VALUES (1, 71);
INSERT INTO Enrollment VALUES (1, 13);
INSERT INTO Enrollment VALUES (1, 5);
INSERT INTO Enrollment VALUES (1, 30);
INSERT INTO Enrollment VALUES (1, 53);

INSERT INTO Enrollment VALUES (2, 57);
INSERT INTO Enrollment VALUES (2, 95);
INSERT INTO Enrollment VALUES (2, 54);
INSERT INTO Enrollment VALUES (2, 93);
INSERT INTO Enrollment VALUES (2, 50);
INSERT INTO Enrollment VALUES (2, 84);
INSERT INTO Enrollment VALUES (2, 68);
INSERT INTO Enrollment VALUES (2, 47);
INSERT INTO Enrollment VALUES (2, 92);
INSERT INTO Enrollment VALUES (2, 15);
INSERT INTO Enrollment VALUES (2, 41);
INSERT INTO Enrollment VALUES (2, 63);
INSERT INTO Enrollment VALUES (2, 56);
INSERT INTO Enrollment VALUES (2, 26);
INSERT INTO Enrollment VALUES (2, 86);
INSERT INTO Enrollment VALUES (2, 51);
INSERT INTO Enrollment VALUES (2, 76);
INSERT INTO Enrollment VALUES (2, 38);
INSERT INTO Enrollment VALUES (2, 58);

INSERT INTO Enrollment VALUES (3, 33);
INSERT INTO Enrollment VALUES (3, 67);
INSERT INTO Enrollment VALUES (3, 1);
INSERT INTO Enrollment VALUES (3, 52);
INSERT INTO Enrollment VALUES (3, 36);
INSERT INTO Enrollment VALUES (3, 15);
INSERT INTO Enrollment VALUES (3, 4);
INSERT INTO Enrollment VALUES (3, 3);
INSERT INTO Enrollment VALUES (3, 85);
INSERT INTO Enrollment VALUES (3, 8);
INSERT INTO Enrollment VALUES (3, 43);
INSERT INTO Enrollment VALUES (3, 57);

INSERT INTO Enrollment VALUES (4, 7);
INSERT INTO Enrollment VALUES (4, 76);
INSERT INTO Enrollment VALUES (4, 8);
INSERT INTO Enrollment VALUES (4, 12);
INSERT INTO Enrollment VALUES (4, 64);
INSERT INTO Enrollment VALUES (4, 81);
INSERT INTO Enrollment VALUES (4, 41);
INSERT INTO Enrollment VALUES (4, 93);
INSERT INTO Enrollment VALUES (4, 58);
INSERT INTO Enrollment VALUES (4, 50);
INSERT INTO Enrollment VALUES (4, 94);
INSERT INTO Enrollment VALUES (4, 43);
INSERT INTO Enrollment VALUES (4, 57);
INSERT INTO Enrollment VALUES (4, 15);
INSERT INTO Enrollment VALUES (4, 79);
INSERT INTO Enrollment VALUES (4, 67);

INSERT INTO Enrollment VALUES (5, 56);
INSERT INTO Enrollment VALUES (5, 90);
INSERT INTO Enrollment VALUES (5, 11);
INSERT INTO Enrollment VALUES (5, 77);
INSERT INTO Enrollment VALUES (5, 6);
INSERT INTO Enrollment VALUES (5, 63);
INSERT INTO Enrollment VALUES (5, 58);
INSERT INTO Enrollment VALUES (5, 70);
INSERT INTO Enrollment VALUES (5, 53);
INSERT INTO Enrollment VALUES (5, 32);
INSERT INTO Enrollment VALUES (5, 86);
INSERT INTO Enrollment VALUES (5, 30);
INSERT INTO Enrollment VALUES (5, 79);
INSERT INTO Enrollment VALUES (5, 88);
INSERT INTO Enrollment VALUES (5, 80);
INSERT INTO Enrollment VALUES (5, 16);
INSERT INTO Enrollment VALUES (5, 40);
INSERT INTO Enrollment VALUES (5, 34);
INSERT INTO Enrollment VALUES (5, 92);
INSERT INTO Enrollment VALUES (5, 39);
INSERT INTO Enrollment VALUES (5, 82);
INSERT INTO Enrollment VALUES (5, 25);
INSERT INTO Enrollment VALUES (5, 22);

CREATE TABLE HousePoint (giver, receiver, points);
INSERT INTO HousePoint VALUES (8, 6, 20);
INSERT INTO HousePoint VALUES (8, 92, -100);
INSERT INTO HousePoint VALUES (8, 24, 50);
INSERT INTO HousePoint VALUES (8, 24, 20);
INSERT INTO HousePoint VALUES (94, 24, -10);
INSERT INTO HousePoint VALUES (19, 60, 30);

INSERT INTO HousePoint VALUES (19, 39, 10);
INSERT INTO HousePoint VALUES (8, 39, 10);
INSERT INTO HousePoint VALUES (94, 39, 30);
INSERT INTO HousePoint VALUES (67, 39, 10);

INSERT INTO HousePoint VALUES (19, 40, -30);
INSERT INTO HousePoint VALUES (8, 40, 100);
INSERT INTO HousePoint VALUES (67, 40, 50);

INSERT INTO HousePoint VALUES (19, 35, -20);
INSERT INTO HousePoint VALUES (19, 36, -20);

SELECT * FROM House;
SELECT * FROM Person;
SELECT * FROM Course;
SELECT * FROM Enrollment;
SELECT * FROM HousePoint;
